osm_id,name,lat,lon
node/266378530,Heritage International School,28.5084497,77.166546
node/266378545,Deep Public School,28.5117155,77.1634819
node/271335768,,28.4896385,77.1384019
node/709795355,Government Boys and Girls Senior Secondary School,28.6114104,76.9877135
node/762031791,Government(Bada school),28.7946905,77.0372885
node/883881204,,28.5962679,77.177701
node/1116432336,Govt. Girls Senior Secondary School,28.573859,77.1842457
node/1116433509,DPS International School,28.5697886,77.1783234
node/1116434111,Jose Martin Sarvodya Vidyalya,28.5712962,77.1781517
node/1363453179,"NIIT - New Friends Colony, South Delhi",28.5603226,77.2667188
node/1374470984,Sumermal Jain Public School,28.6300965,77.0940113
node/1414804440,Ratan Devi Girls Senior Sec. School,28.6614428,77.2799953
node/1643999814,"Delhi Public School, Dwarka",28.6059739,77.0479506
node/1764307594,Holy Cross School,28.6147687,76.9811687
node/1772537472,,28.6182087,76.9837474
node/1777019272,Krishna Model School,28.6060798,76.985117
node/1810006797,Mitraon Govt School,28.6067575,76.9396906
node/1810981109,Ujwa Govt School,28.5704851,76.9036618
node/1810984760,Govt Primary School Malik Pur,28.551102,76.8999464
node/1811065365,Govt Primary School DaryaPur,28.552763,76.9075424
node/1813898671,Govt Senior Secondary School,28.6024715,76.9317444
node/1827531816,Kendriya Vidhyalya,28.6826588,77.1578285
node/1849498487,New Ideal Public School,28.5467878,77.2921488
node/1855407953,Jai Bharti Public School,28.5464998,77.2925361
node/1855425194,Disha Public School,28.5480622,77.2929511
node/1855425196,Jasola Public School,28.5483522,77.2930513
node/1855425197,MCD Public School,28.5482349,77.2940566
node/2019345544,Bharat Vasisht Vidya Mandir,28.4717157,77.1285742
node/2384623590,Cambridge Primary School,28.5662292,77.2746488
node/2408446930,Delhi International School,28.5642198,77.0578228
node/2408447122,Paramount International School,28.5637249,77.0574223
node/2408447131,Basava International School,28.5648745,77.055416
node/2408447150,The Indian Heights School,28.5618483,77.0527569
node/2408447819,Mount Carmel,28.560653,77.0586025
node/2440643098,Guru Nanak Public School,28.6699013,77.1326211
node/2440648765,S M Arya Public School,28.6721011,77.1337166
node/2443178755,SD Public School,28.6677379,77.1393322
node/2445809013,Vishal Bharti Public School,28.6776074,77.1002235
node/2445867146,St. Nirankari Public School,28.676031,77.1072725
node/2445867811,Rajkiya Pratibha Vikas Vidyalaya,28.6757409,77.1066654
node/2445868970,Sarvodaya Vidyalaya,28.6750003,77.1058706
node/2445913262,Government Higher Secondary School,28.6739957,77.1271291
node/2445937588,Sarvodaya Co-Educational School,28.6692325,77.1497669
node/2445989850,Government Senior Secondary School,28.6535437,77.1658655
node/2445989851,Sarvodaya Kanya Vidyalaya,28.652348,77.1655973
node/2445991452,Govt. Boys HB School,28.6541792,77.1660801
node/2445992231,DAV School,28.6471225,77.1680059
node/2446000268,Vidya Bhawan Senior Secondary School,28.6387283,77.1763691
node/2446002922,Sindhi Higher Secondary School,28.6357621,77.1778604
node/2446006348,Manav Sthali School,28.6352772,77.1782466
node/2446006877,Andh Kanya Vidyalaya,28.6368309,77.1803119
node/2446009092,DI Khan Bharati Sabha Higher Secondary School,28.6307618,77.1795502
node/2446009093,Bapu Adarsh Vidyalaya,28.6306394,77.1804675
node/2446010483,Swami Dayanand Govt. Sarvodaya Vidyalaya,28.6397954,77.1856155
node/2446010582,GD Salwan Public School,28.6403133,77.1858677
node/2801370105,Don Bosco School,28.5285072,77.2473321
node/2833952245,M B Boys School,28.6350118,77.2002755
node/2922268001,Sarvodaya Kanya Senior Secondary School,28.6896388,77.1560501
node/3008663907,HIRA YOGA TRAINING KENDER,28.7551761,77.1344924
node/3488315228,,28.6927134,77.1114558
node/3626040478,Sahoday Senior Secondary School,28.5526424,77.2002206
node/4047437964,Delhi Public School,28.5386253,77.1479893
node/4154838092,Little Ones Public School,28.519551,77.2035198
node/4180327825,deepak vaiyas home,28.625488,77.1133697
node/4213529489,Swiss Cottage school,28.5157955,77.0502838
node/4220719494,MAAC,28.5685408,77.2248824
node/4237012389,"Sarvodaya Vidyalaya (GBSSS), Govt. School",28.7144613,77.2170585
node/4269361827,DAV Public School Pushpanjali,28.6939915,77.1081266
node/4338782489,Evolution dance school,28.8032691,77.0512991
node/4367444089,Dev Public School.,28.6304673,76.9685752
node/4415894189,S.D. Public,28.6473887,77.169391
node/4435563990,FORE School of Management,28.5370038,77.1849245
node/4453247191,Modern school,28.5788563,77.0542962
node/4453248791,Venkateshwara international school,28.5893217,77.0389353
node/4453301889,Adarsh World School,28.5943755,77.0435682
node/4462856989,,28.6331399,76.9537195
node/4483893393,St. Prayag school,28.6918581,77.1168424
node/4511556292,Mount abu junior branch school,28.7117973,77.1023916
node/4639190772,Kendrya Vidyalya,28.7051428,77.1699743
node/4729010299,المدرسة العراقية,28.556265,77.2049515
node/4749996424,Prakash Punj Vidya Sadan,28.6701353,77.2840423
node/4778391814,Government SChool,28.5611545,77.0591164
node/4815527622,N.P. Co Education Senior Secondary School,28.5841578,77.175441
node/4859916426,Sulabh Public School,28.597807,77.0799205
node/4934333224,Government school,28.7369367,77.126039
node/4936063387,NC Jindal Public School,28.6628679,77.124514
node/5023155725,,28.5654935,77.0005244
node/5099590622,Jaganath intl mngt school,28.5470179,77.2563459
node/5122054863,Scottish Early Years,28.6489732,77.3007936
node/5122593540,Soami Nagar Model School,28.5440473,77.2254741
node/5122593542,The Pinnacle School,28.5448773,77.2279586
node/5128503989,Soami Nagar Pre-Primary School,28.543396,77.2257564
node/5223511422,Ahlcon International School,28.6120628,77.2881353
node/5242148783,Government Primary School for the Deaf,28.6118017,77.287413
node/5242150470,School for Mentally Retarded Children,28.6118221,77.2876138
node/5244000722,Aster Public School,28.6096116,77.2896107
node/5306200027,Mount Carmel School (Senior Wing),28.5760199,77.1652909
node/5325526114,,28.4736928,77.1217455
node/5331324929,Saint Mary's Junior School,28.5123981,77.203907
node/5338786924,BCC Model School,28.7396725,77.1193927
node/5338818321,Snehil Frontline Special School,28.7397795,77.1195329
node/5342219924,Kids Temple Public School,28.7385379,77.1214922
node/5343112121,Alok Bharti Public School,28.7364974,77.128777
node/5358882588,DAV Public School,28.5743511,77.1727645
node/5358882593,Kendriya Vidyalaya,28.5721181,77.1638274
node/5369753821,MC Primary School J-Block Sec-16 Rohini,28.7392311,77.1306159
node/5400420021,Delhi International Public School,28.7367974,77.1291872
node/5407719423,Rockfield Public School,28.734744,77.1248235
node/5407772022,Ryan Shalom Montessori,28.7346232,77.1241352
node/5455135886,Government Boys Senior Secondary School,28.5730899,77.2335349
node/5466445621,,28.6052898,77.2329222
node/5584870727,Kaviraj Khazan Chand Quetta Dayachand Arya Vedic Senior Secondary School,28.5866396,77.2523949
node/5960740186,s6 BHIM Singh ni was,28.5309957,77.218045
node/5960754388,SH Computer Education,28.5309108,77.2170319
node/5960793702,Sant Nirankari,28.535831,77.2177052
node/5960818475,Swarn public school,28.5330124,77.2185763
node/5960921887,swarn public school,28.5332175,77.219553
node/6041270054,,28.5191896,77.2281724
node/6071159159,Government Boys Senior Secondary School,28.4899855,77.1389634
node/6077096070,Government Sarvoday Bal Vidyalaya,28.6327017,77.2303905
node/6081367254,,28.6707436,77.2842459
node/6171203022,Kendriya Vidyalaya,28.5204901,77.2239646
node/6203987732,SDMC Primary Model School,28.5768012,77.2397878
node/6203987733,,28.5768608,77.2407455
node/6207395594,Saint Mary's School,28.5051676,77.2061624
node/6255913360,,28.5323755,77.3025188
node/6257783817,Government Sarvodaya Vidyalaya,28.6959475,77.2159162
node/6282682557,SDMC Primary Coeducational School,28.5695905,77.248199
node/6341209902,Madarasa Millat-ul-Islam,28.5433478,77.264387
node/6362607170,Swami Hariharanand Public School,28.6627534,77.2403662
node/6395753670,Rajkiya Sarvodaya Bal Vidyalaya,28.6138254,77.3185994
node/6411010208,,28.5238936,77.1896796
node/6411571311,Government Sarvodaya Vidyalaya,28.4588686,77.1841549
node/6457033186,Samvad Shala,28.710528,77.3133462
node/6729018440,Decent Public School,28.7069273,77.1072435
node/6834036204,Ramanujan Sarvodaya Kanya Vidyalaya,28.5231246,77.1799665
node/6834036228,,28.5229593,77.1773673
node/6961335189,Bhatnagar International School,28.5295429,77.1540449
node/6961442936,Masjid-e-Quba Madrasa Islamia,28.5806388,77.1899811
node/6966287278,,28.5369319,77.2134518
node/7099861698,Manav Mangal Public School,28.4986996,77.2954384
node/7149092377,Darul Qur'an Madrasa Abdurrahman Tahfizul Qur'an,28.5295756,77.2143363
node/7193086031,Government Coeducational Senior Secondary School,28.5762957,77.2391399
node/7395028895,India international secondary school,28.7172505,77.2869559
node/7636329586,Shaheed Captain Anuj Nayyar Government Boys Senior Secondary School,28.6255941,77.0927024
node/7730086971,Kendriya Vidyalaya,28.5610558,77.1779814
node/8017536217,,28.7117425,77.1189585
node/8145754251,Green View Public School,28.6043448,77.0018985
node/8929282814,MCD School,28.6327723,77.2757333
node/8929322159,National Victor Public School,28.631544,77.3118241
node/8929322160,DBSE,28.6307892,77.3121384
node/8929322161,Vivekanand International School,28.6319004,77.3140766
node/9004788596,MCD school,28.7330379,77.1286156
node/9085975699,Sarvodaya Kanya Vidyalaya,28.6807221,77.3126495
node/9085977835,Bloomfield Public School,28.6816308,77.3148395
node/9085982626,East Delhi M.C Primary School,28.6787962,77.3088704
node/9086006380,Govt Boys Senior Secondary School,28.6807704,77.3127674
node/9086030845,Greenway Modern School,28.6822842,77.315704
node/9100588456,,28.6589497,77.2359195
node/9104141335,,28.6351719,77.3155184
node/9107468200,Rajkiya Sarvodaya Kanya Vidyalaya (Jeeja Bai),28.6147038,77.3194623
node/9180386814,Hans Raj Smarak SR Sec School,28.6815139,77.3179445
node/9221656000,Vaidic Public School,28.6224543,77.3112651
node/9536890784,Baba Banda Singh Bahadur Memorial Secondary School,28.5217944,77.1816408
node/9536890793,Saint John's School,28.5215056,77.1816816
node/9554253936,Bapu Public School,28.6133314,77.2892876
node/9565144393,New Suriya Public school,28.5043828,77.2422016
node/9969678884,The Ardee School,28.5606026,77.2757538
node/10127860587,"TCV Day School, Samyeling",28.7018344,77.2277608
node/10263086505,New Horizon School,28.5947172,77.2477028
node/10570198566,Native Public School,28.7246014,77.1702275
node/10576445742,Navyug School,28.5872412,77.2165688
node/10661038354,Satyawati Sood Arya Girls senior secondary school,28.5870203,77.2516215
node/10661039318,Nios Study center,28.5871452,77.2514966
node/10661041562,YMCA Public School,28.5872431,77.2511171
node/10706635437,Modern Education Public School,28.7305602,77.1633984
node/10732236605,My Play School,28.7072002,77.159657
node/10741340139,Sharda Public School,28.7202814,77.1681427
node/10750336512,Aadyant,28.5324614,77.1498449
node/10750605659,Saint Model Public School,28.7243163,77.1682228
node/10758831609,Arya Hansraj Model School,28.7335313,77.1670311
node/10760889926,,28.7209109,77.1706397
node/10799185610,Madarsa Daruluoom Hamidia,28.7289581,77.1733823
node/10805073789,Darshan Academy,28.6943452,77.1943027
node/10836291364,,28.7406356,77.1627691
node/10866786293,,28.7400888,77.1611524
node/10872788109,,28.5947114,77.2476036
node/10939545856,,28.7551751,77.1631194
node/10939760633,,28.7521862,77.1612643
node/10956856127,Sky Public School,28.7438961,77.1606342
node/10971399088,,28.5471568,77.1986814
node/10975636818,Jingle Bell School,28.7201841,77.1778744
node/11025053735,Aryan Model Public School,28.7466071,77.1611125
node/11080855977,,28.727873,77.1707573
node/11133971705,,28.5445054,77.0288535
node/11205436531,Molarband school,28.4945193,77.3260089
node/11205476274,New bal vaishali public school,28.4930183,77.3260786
node/11211925180,Government school,28.4982037,77.3046099
node/11218263069,Adarsh Bal Vidyalaya,28.6304676,77.274201
node/11218317499,Manisha public school,28.6302337,77.2737215
node/11219349887,M C D primary co-ed model school,28.5853022,77.2440823
node/11225077950,Govt girls senior secondary school no . 3,28.4946147,77.3256146
node/11225078048,Sarvodaya bal vidyalaya no. 1,28.4945557,77.3256489
node/11236738290,Einsteins play school,28.6300144,77.2734518
node/11274654303,Jamia Milia Islamia School ground,28.5638054,77.2835401
node/11688160111,Deshraj public school,28.5116999,77.1076037
node/11696928200,KENDRIYA VIDYALAYA SHAHDARA,28.6863497,77.2873607
node/11697708204,Mission public school,28.5996273,77.057532
node/11698041139,xtreme tennis academy,28.6037753,77.0512983
node/11698566020,Jinwani public school,28.6000308,77.049833
node/11832139988,,28.6636,77.2069986
node/11846242020,New Sanik Public School,28.6071489,77.068435
node/11883497374,Learning Angels Play School,28.5944407,77.1217797
node/11982171909,G.G.S.S.S. VIVEK VIHAR PHASE 2,28.6696109,77.3073786
node/11982171911,Avinash Chandra Chadha Central Savoday Bal School,28.6696109,77.3073786
node/11982182430,Govt. Boys Secondary School,28.6698721,77.3094983
node/11982187193,Greenway Modern School,28.6699213,77.3090614
node/11982197671,RAJKIYA PRATIBHA VIKAS VIDYALAYA,28.6660091,77.3087445
node/11982197672,DR. B.R. AMBEDKAR SCHOOL OF DPECIALISED EXCELLENCE,28.6658495,77.309429
node/11998757236,Carmel Convent School,28.6013333,77.1881167
node/12032854870,Arena Animation,28.6419638,77.2963033
node/12046734569,MCD Primary school No. 2,28.5249774,77.2351102
node/12208726093,Hemani Public School,28.5684003,77.2475193
node/12222312994,Lakhi Public School,28.626934,77.2939379
node/12640918037,The Neev School,28.6229288,77.2911355
node/12687840624,Mamta Public School,28.6004549,77.3166492
node/12704710070,Bal Bhavan Public School,28.6187992,77.3025948
node/12713991910,Madrassa Jamia Islamia Latifia,28.6239305,77.2911697
node/12749811106,K.S.K Academy,28.5016344,77.2476048
node/12753521548,L.N. Girdharri Lal,28.6587675,77.2237125
node/12759219200,Durgabai Deshmukh Balwadi,28.692024,77.2115618
node/12759227365,Usha Ganguli Shishu Vihar,28.6921196,77.2116113
node/12828353062,Little Kingdom,28.7059898,77.1228826
node/12912000024,School Entrance,28.8357081,77.0164121
node/12918591734,Asha School Delhi Cantt.,28.6103924,77.1379852
node/12942220245,Modern Green Valley public school,28.4970991,77.2239141
node/12942263261,Surjit Wasu Memorial Charitable school,28.4957034,77.220101
node/12944092756,Central Insitute of Education Experimental Basic School,28.6942624,77.2097821
node/12944492921,Pratibha Vidyalaya,28.5724903,77.2307224
node/13061156424,Jaishankar Memorial Centre,28.5379491,77.3002293
node/13072249774,"Dr B.R. Ambedkar School of Specialised Excellence (ASOSE), IP Extension",28.631551,77.3141765
node/13072249775,"Rajkiya Pratibha Vikas Vidyalaya ,I.P. Extension",28.6315581,77.3144956
node/13073584691,KENDRIYA VIDYALAYA,28.5569422,77.225629
node/13082006017,Government Sarvodaya Bal Vidyalaya,28.6175093,77.3033963
node/13082006018,Government Sarvodaya Kanya Vidyalaya,28.6173633,77.3035273
node/13110023484,Municipal Corporation Primary School,28.6799307,77.2027529
node/13110159240,निगम प्राथमिक विद्यालय,28.6800535,77.2020054
node/13142482001,Bright Future Point,28.5489881,77.2163072
node/13146450018,German school,28.594099,77.1802814
node/13180535715,Cosmos Public School,28.601763,77.3145291
node/13204264433,"Sarvodaya Bal Vidyalaya, Tikri Khurd",28.8335293,77.1283236
node/13266921259,Pole Star,28.6986861,77.0969816
node/13351079501,,28.6139792,77.2840569
node/13366317301,Mac Marvels Montessori,28.6347567,77.2976485
node/13481473075,Central Baptist Church Primary school,28.6564137,77.2336847
node/13594703526,Masoom Special School,28.7069256,77.221249
node/13594703551,Virendra Public School,28.6956505,77.220302
node/13598309846,Holy Angel Public School,28.4975864,77.31833
node/13633430911,Bal Bhavan Public School,28.635347,77.2797632
node/13680887201,,28.5031578,77.181602
node/13814205596,D.M.G. play school,28.5628266,77.1931482
node/13823611701,Govt. Sarvodaya Bal vidyalaya,28.6543549,77.07325
node/13823611705,MS public school,28.6726466,77.0690139
node/13823611901,HBM PUBLIC SCHOOL,28.6708005,77.0689249
node/13823614701,CRS public school,28.6724869,77.0698692
node/13926670492,Government Primary School,28.713982,77.2181268
node/13926801709,Sant Nirankari Public School,28.7154208,77.2096575
node/13926801710,Sant Nirankari Sr Sec School Girls and Boys,28.7157137,77.2089194
node/13999723370,Government Boys Secondary School,28.6821523,77.2041334
node/14055347123,Air Force School Panchwati,28.5762695,77.087269
node/14065767673,"St. Mother Teresa CB
Senior Secondary School",28.6071005,77.1435793
node/14070593894,Delhi Combat Academy,28.7084013,77.185148
node/14089016094,The Elisabeth Gauba School,28.6280625,77.2030625
node/14100954422,Municipal Corporation of Delhi Primary Co-Ed School,28.5556746,77.1837932
node/14107341427,MCD Primary Co-Ed School,28.6940238,77.2041069
node/14177904474,Dayanand Public School,28.7114486,77.1863494
node/14201430638,M. C. Primary School South Extension I,28.5705278,77.2227635
way/7891819,School of Computional and Integrative Sciences,28.5419137,77.1677984
way/34940753,Ryan International School,28.5385075,77.1382348
way/40837967,Mata Sukhdevi Public School,28.7750484,77.1423401
way/43316275,Modern School,28.5623892,77.1571419
way/43316796,Government Boys Senior Secondary School,28.5342679,77.2125141
way/43361906,The British School,28.5974914,77.1802865
way/44091823,The Mother's International School,28.5403284,77.2018505
way/44091868,Mother's International School,28.5403386,77.2020201
way/47026629,St. Mathews Public School,28.6740659,77.1067938
way/47107935,Indraprasta School,28.6735906,77.1028588
way/58472992,Shaadi mandap,28.648339,77.0420859
way/60882617,,28.795208,77.0379536
way/76734524,Sarvodaya Kanya Vidyalaya,28.6312165,77.2973919
way/76849246,,28.6185682,77.3027362
way/76849392,,28.6173882,77.3033654
way/76849406,,28.6093408,77.3116044
way/76965008,,28.6180931,77.3149253
way/76965009,Government primary school,28.617946,77.3086562
way/76965030,,28.6146387,77.3134856
way/76965083,,28.6153272,77.3157891
way/76977269,,28.6228233,77.3075816
way/76977318,,28.6191174,77.3185833
way/76977577,,28.6246317,77.3171186
way/76977620,,28.6217877,77.3175462
way/76995143,,28.6081156,77.3138149
way/77001172,,28.6016805,77.3059001
way/77001246,Sharda Sen Rajkiya Kanya Sarvodaya Vidyalaya,28.6052001,77.307694
way/77001396,,28.6047171,77.3061555
way/77004707,Govt Co - Ed Senior Secondary School,28.6000527,77.2938546
way/77007463,,28.6098505,77.3021961
way/77727870,Maharaja Agrasen Model School,28.7046345,77.1377936
way/77967781,Lions Public School,28.6865028,77.1654314
way/77967787,Montfort Senior secondary School,28.6868589,77.1699755
way/77967802,Government Boys and Girls School,28.6921673,77.1669431
way/77967833,Guru Angad Public School,28.6894969,77.1710492
way/78154548,DAV Public School Ashok Vihar,28.685505,77.1738057
way/78154758,Sarvodaya Kanya Vidyalaya and Government School,28.6828455,77.1699747
way/78164543,Kulachi Hansraj School Senior Wing,28.6937961,77.1806289
way/78164552,Satyawati College,28.6957684,77.1816277
way/78164557,,28.6836666,77.1845719
way/78164685,Mata Jai Kaur public School,28.6916329,77.1803149
way/78175838,,28.696978,77.1843593
way/78180074,,28.7055986,77.157158
way/78180267,,28.7056895,77.1599644
way/78187945,,28.7067387,77.1647956
way/78445739,Modern Public School,28.7098579,77.1570081
way/78445769,,28.7082935,77.1566406
way/78449332,Jaspal Kaur Public School,28.7106173,77.1534608
way/78449388,Goodley Public School,28.7109369,77.1561795
way/78474966,,28.704902,77.1513408
way/78474972,,28.701813,77.1521937
way/78477044,,28.7003233,77.146565
way/78480645,,28.6975223,77.1474757
way/78480652,Darbari Lal DAV Model School,28.6992395,77.1435737
way/78482694,,28.7099449,77.1405321
way/78482807,,28.7088523,77.1382209
way/78482823,,28.7054743,77.1404594
way/78542394,,28.735632,77.1104103
way/78542417,Ryan International School,28.7343789,77.1091035
way/78555801,,28.7304814,77.1150091
way/78555972,,28.7328474,77.111686
way/78595519,St Margaret Senior Secondary School,28.7140373,77.1352652
way/78595575,CRPF Public School,28.71027,77.1323717
way/78595581,D Block Govt School,28.7159019,77.1374446
way/78595605,B Block Govt School,28.7129618,77.1335523
way/78595621,Lancer's Convent,28.7091949,77.1339191
way/78601252,,28.7307399,77.1315969
way/78601351,,28.7347501,77.1311096
way/78601420,,28.7292751,77.1303662
way/78601444,,28.729158,77.1310487
way/78601484,Vidya Bharti School,28.7330971,77.1293691
way/78601512,St Angel's School,28.7298314,77.1290946
way/78755705,,28.7153717,77.1784832
way/78755824,,28.7209552,77.1726744
way/78786214,MCD Primary School,28.7339658,77.1685925
way/78786253,Rani Chenamma Sarvodaya Kanya Vidyalaya,28.7281725,77.1733464
way/78786325,,28.7303714,77.1623906
way/78881660,Vikas Bharti,28.7277213,77.0883247
way/78881684,Prince Public School,28.7284758,77.0842106
way/78881686,The Heritage School,28.721235,77.0826062
way/78881746,Maxfort School Rohini,28.7222935,77.0805272
way/78881751,Delhi Public School,28.7263132,77.0870761
way/78881831,Indian Convent School,28.726071,77.085026
way/80418136,,28.6434269,77.2269302
way/81352243,Sanskriti School,28.5888439,77.1772031
way/81352249,,28.5852266,77.1988157
way/89955743,SDMC Pratibha School,28.5431479,77.2508723
way/89955789,M.C.D. Primary School C.R. Park,28.5430623,77.2451008
way/89955837,Shyama Prasad Mukherjee Sarvodaya (Coeducational) Vidyalaya,28.5414045,77.2456009
way/89956563,,28.5385361,77.2524043
way/134496049,M.L. Khanna D.A.V. Public School,28.5894164,77.0651338
way/138946150,,28.6256025,77.2103895
way/149510412,SKV Raja Ram Mohan Roy School,28.5304645,77.2131775
way/150880987,Modern Convent School,28.6029516,77.051305
way/150881520,S.D.M.C. Primary School,28.6045108,77.049071
way/150881783,,28.6063417,77.0479297
way/150882113,Jinwani Public School,28.6000296,77.0498444
way/151571787,Nursery Play School,28.6023148,77.0451685
way/151571822,NK Bagrodia School,28.6021548,77.0463535
way/153161690,Kumar Mangalam School,28.532607,77.2483559
way/153161693,,28.536299,77.2486789
way/154160586,Queens Valley School,28.5781889,77.0717681
way/154326925,,28.636446,77.0772776
way/154327264,Kerala School,28.6326916,77.0773578
way/154327524,Holy Innocent's School,28.6321269,77.075736
way/154527302,J.D Tytler School,28.6334733,77.1840874
way/154529687,St. Colombo School,28.6887325,77.1393287
way/154529893,Rising Star Academy,28.6880827,77.1405966
way/156150419,Maxfort School,28.5886432,77.068231
way/158037035,"Springdales School, Pusa Road",28.6444011,77.196325
way/158037036,"St. Michaels School, Pusa Road",28.6442264,77.1948873
way/167335641,Bal Bharati Public School,28.6909667,77.1069374
way/167591466,DAV Centenary Public School,28.6759513,77.085894
way/167591469,Govt. Secondary School,28.6745138,77.0873849
way/167992745,"MCD Primary , Roshanpura",28.6074286,76.9882129
way/169425979,,28.6116342,76.9800709
way/169848648,Govt School,28.5481487,76.8989142
way/170236063,,28.6024121,76.9318874
way/171438689,Queen Marry's,28.7325752,77.0945011
way/171438693,Ryan International School,28.7343904,77.0942056
way/171493120,,28.7024469,77.1260336
way/171493124,,28.7035148,77.1287865
way/171496276,,28.7027069,77.1053423
way/171496279,,28.6992501,77.106341
way/171496282,,28.7033331,77.1059034
way/171496283,,28.7041586,77.1066409
way/171496289,,28.6992826,77.100306
way/171501204,,28.695281,77.1158769
way/171501206,,28.693557,77.1083083
way/171501213,,28.6924984,77.1085062
way/171510619,DAV Public School,28.7056266,77.1187203
way/171510626,,28.7103211,77.1119556
way/171510634,,28.7066755,77.1133061
way/171514881,,28.6970637,77.0960889
way/171514883,,28.6981144,77.0961334
way/171527942,,28.6905681,77.0813892
way/171545989,,28.6960447,77.1236859
way/171545992,,28.694817,77.1221192
way/171545997,,28.697564,77.1285996
way/171598616,,28.6938997,77.1425318
way/171603491,,28.6888849,77.1470141
way/171613283,,28.6881303,77.1261735
way/171613287,,28.6895558,77.1212526
way/171613297,,28.6819235,77.1361933
way/171613299,,28.6801356,77.1404541
way/171613306,,28.6866127,77.1316783
way/171613313,,28.6810554,77.1414886
way/171616390,,28.6905259,77.0835833
way/171616394,,28.690496,77.0853536
way/171616398,,28.6915633,77.0787122
way/171616400,,28.6930395,77.087125
way/171616401,,28.6906152,77.079545
way/171619889,,28.6950017,77.0835709
way/171619891,,28.6949727,77.085382
way/171619892,,28.6968494,77.083814
way/171633225,,28.689403,77.0909616
way/171633227,,28.6903765,77.0909829
way/171633228,,28.6961528,77.0934639
way/171633229,,28.6904224,77.0889721
way/171633230,,28.6917811,77.0910205
way/171633231,,28.6935029,77.0951015
way/171633233,,28.6904648,77.0871074
way/171640369,,28.6888907,77.0922922
way/171648768,Mount Abu Public School,28.7147796,77.1093448
way/171648769,,28.7036907,77.0964694
way/171648770,,28.7126933,77.1074849
way/171648785,,28.7138778,77.1038081
way/171656609,,28.7147537,77.1025566
way/171663389,,28.7068767,77.0902798
way/171663390,,28.7074364,77.0905752
way/171675032,,28.7204565,77.0942108
way/171675033,,28.7220073,77.0951144
way/171675034,,28.7163115,77.085933
way/171675036,,28.7158359,77.0832846
way/172299274,,28.8067446,77.0542508
way/172299275,,28.8041009,77.0545659
way/172299276,,28.8067005,77.0497149
way/174767576,Govt. Senior Secondary School Malikpur,28.5507022,76.9055948
way/174864085,"Gender Resource Center, Jasola",28.548034,77.2932612
way/175800209,Kendriya Vidyalaya AGCR,28.6516888,77.2959305
way/176162456,Bachchan Prasad Sarvodaya Kanya Vidyalaya,28.4995646,77.2381647
way/189430835,Bal Bharati School,28.5951687,77.0397924
way/189447670,Indraprashtha International Schoool,28.5856857,77.0622582
way/189447985,Vandana International School,28.5822331,77.0590088
way/189447986,Venkteshwara International School,28.5845938,77.0583446
way/189450635,Delhi English Academy Public School,28.5535806,77.0377998
way/189450636,New Era Public School,28.556294,77.03932
way/190291171,Ryan,28.5395974,77.1391416
way/190291267,Vasant Valley School,28.533738,77.1444926
way/190323304,G.D.Goenka World School,28.528608,77.1543963
way/190323355,,28.5293729,77.1540527
way/190333712,,28.5215425,77.1616667
way/190333713,,28.5208446,77.1608266
way/190333720,,28.5314498,77.1443776
way/200304514,Notre Dame School,28.6136195,76.9274623
way/201289538,,28.6148333,76.9809125
way/206564485,,28.6478693,77.1814068
way/209295014,CRPF Public School,28.6014007,77.0173147
way/209296170,Dwarka International School,28.5988478,77.0450972
way/209507746,,28.584992,77.0533544
way/215160071,,28.5749839,77.042874
way/217422071,,28.5997524,76.9893844
way/217603873,Govt. Sr Sec School,28.5895972,77.0070458
way/217604802,,28.5914069,76.9991854
way/217866658,Infant Jesus Public School,28.5780222,77.007464
way/221183522,Kendriya Vidyalaya,28.6184253,77.086386
way/221328215,St. Francis De Sales School,28.6248029,77.0802198
way/221353891,,28.6093626,77.1045341
way/221428710,SDMC Primary School,28.6310111,77.0758512
way/221438979,,28.6592338,77.2827091
way/221595600,,28.6115735,76.9879041
way/239636987,Government School,28.5233199,77.2131703
way/239637984,Amity International School,28.5234582,77.2146709
way/239637987,"Apeejay School, Saket",28.5205697,77.2133534
way/239638765,Green Field School,28.5234976,77.2096748
way/239641067,Government School,28.5226923,77.209378
way/239641078,Gyan Bharati School,28.5254002,77.2070077
way/254130940,,28.5301228,77.2128976
way/255352551,Vanasthali Public School,28.6045491,77.3350645
way/257886431,,28.625199,77.0626366
way/258861942,,28.5870332,77.0892215
way/258902317,,28.6121147,77.0867084
way/259024070,,28.6743285,77.2832638
way/259027104,Government Co-education Senior Secondary School,28.6843149,77.2017915
way/259036520,,28.6771951,77.1941075
way/259036529,,28.6792617,77.1925126
way/259036531,,28.6854584,77.1997259
way/259036540,Sarvodaya Kanya Vidyalaya Number 1,28.6808284,77.195909
way/259073012,Sarvodaya Kanya Vidyalaya,28.6453086,77.0984151
way/259169045,,28.6457005,77.1936515
way/259169049,,28.6464777,77.1944998
way/259169052,Saint Thomas' Girls Senior Secondary School,28.6450051,77.1890223
way/259188866,,28.6548892,77.1878699
way/259944153,Army Public School,28.6003904,77.1691866
way/260076417,Kendriya Vidyalaya No. 2,28.5757158,77.1396557
way/260083330,Loreto Convent School,28.5832414,77.1383963
way/260083527,Mount Saint Mary's School,28.5824726,77.1360055
way/260111987,,28.570276,77.160041
way/260301586,,28.6130628,77.0464176
way/260309941,Adarsh Model School,28.6159282,77.0515048
way/260463371,,28.6108859,77.0739575
way/260925764,Government Senior Secondary School.,28.6087591,77.0672943
way/260925766,Govt Co-Ed Sr. Sec school,28.6100532,77.06942
way/260950188,Gandhi Smarak Rashtra Shakti Vidhyalaya,28.6315308,77.0590093
way/261067523,New Age Public School,28.6467327,77.0398508
way/262073296,Shri Satya Sai Vidya Vihar School,28.5289624,77.2631402
way/262077439,Kalka Public School,28.5289579,77.2511198
way/262077443,Paul George Global School,28.528279,77.251458
way/262090088,,28.5272321,77.2559391
way/262248698,Deepalaya,28.5301323,77.2676661
way/262248704,,28.5319663,77.2671318
way/262441520,American Embassy School,28.5988392,77.182057
way/262560723,Ved Vyas DAV Public School,28.6385002,77.0616135
way/262560731,,28.636657,77.0638662
way/262562919,,28.6305274,77.0666313
way/262562926,,28.6298254,77.0665975
way/262562928,New Delhi Public School,28.629065,77.0664119
way/262565110,,28.6311683,77.0711052
way/262565364,,28.640867,77.0687965
way/262567571,Saint Cecilia School,28.6391666,77.0720641
way/262567575,Oxford Senior Secondary School,28.6379692,77.0713242
way/262567578,,28.6379035,77.0757795
way/262568466,National Girls Blind School,28.6421852,77.081441
way/262569720,,28.6424647,77.0742834
way/262569723,,28.6409769,77.07834
way/262569726,Banasthali Public School,28.6421995,77.0778419
way/262572483,,28.6382014,77.0676103
way/262628288,,28.6637891,77.0818465
way/262628289,Bosco Public School,28.6677678,77.0866752
way/262646817,SS Mota Singh Model School,28.6730925,77.08208
way/262648108,,28.6766292,77.0786299
way/262648509,,28.6777353,77.0787823
way/262648510,,28.6761441,77.0792844
way/262649724,,28.6788775,77.0833871
way/262651674,Richmond Global School,28.6789744,77.0852922
way/262656930,,28.6654326,77.0862118
way/262656936,,28.6642918,77.083148
way/262657118,,28.6594639,77.087036
way/262662778,Jesus Mary Joseph Senior Secondary School,28.6618499,77.0981603
way/262662784,Neo Convent Sr. Sec. School,28.6619587,77.097153
way/262662785,JL DAV School,28.6649755,77.0966701
way/262673261,,28.6683785,77.1136469
way/262807180,Father Agnel School,28.5607959,77.2143147
way/262838967,Kautilya Government Sarvodaya Coeducational Vidyalaya,28.5481373,77.2454256
way/262838968,Guru Harkrishan Public School,28.548122,77.2465955
way/262856087,,28.6668558,77.1086565
way/262858167,,28.6658082,77.1036883
way/262858172,,28.6674169,77.1035614
way/262875939,,28.6755789,77.106466
way/262875960,,28.6758076,77.102457
way/262875962,Shri Mahavir Vishwa Vidyapeeth,28.6754232,77.1047049
way/262879318,,28.6776608,77.1002428
way/262879320,,28.6736901,77.1018738
way/262879333,St. Sophia School,28.6723417,77.0976324
way/262891105,St. Froebel School,28.6721583,77.1064329
way/262895699,,28.6751381,77.0800521
way/263160022,,28.6457967,77.0551894
way/263160025,,28.6373564,77.057021
way/263160029,,28.6454071,77.0549257
way/263160031,,28.6450905,77.0553709
way/263173625,Kamal Public School,28.6292326,77.0426988
way/263185322,Gagan Bharati School,28.6327985,77.0399778
way/263196207,Raghubir Singh Modern School,28.632786,77.0464551
way/263199199,Sanjeevani School,28.638094,77.0336908
way/263209284,,28.6430367,77.0332293
way/263229545,R.P Memorial Senior Secondary Public School,28.6336527,77.0412583
way/263232426,High Rise School,28.6327729,77.0388286
way/263274409,,28.6321322,77.029673
way/263313597,,28.6174597,77.0047724
way/263313874,,28.6206854,76.9993111
way/263377749,"Pradhan Mantri Shri Jawahar Navodaya Vidyalaya, Jaffarpur Kalan",28.5942322,76.9074879
way/263385573,Good Samaritan School,28.5820353,76.877461
way/263591233,,28.6455243,77.0730314
way/263591769,Colonel Child Bloom School,28.628128,76.9652916
way/264726375,Pragati Public School,28.5992024,77.0337541
way/264996285,,28.6385862,77.1127876
way/264998539,,28.6287359,77.1056935
way/264998542,,28.6281398,77.1077889
way/264998545,,28.6287256,77.1068066
way/265007637,"Government Boys Senior Secondary School, Site 2",28.6254743,77.1102381
way/265007640,,28.6231219,77.1160131
way/265007641,Tagore Senior Secondary School,28.6255642,77.1186242
way/265007642,New Era Public School,28.6250054,77.1180961
way/265007645,,28.6262712,77.1114213
way/265007647,,28.6266215,77.1188926
way/265014347,,28.5542801,77.168949
way/265014349,Sarvodaya Co-ed. Senior Secondary School,28.5523626,77.1702408
way/265028838,,28.5758218,77.2652981
way/265031890,Sarvodaya Kanya Vidyalaya,28.5637562,77.2724104
way/265149996,,28.6632622,77.1440452
way/265149998,,28.6662531,77.1408637
way/265150006,,28.6652385,77.1413512
way/265159594,,28.6466766,77.127376
way/265165723,,28.650766,77.1355194
way/265165728,SKV sarvoday Kanya VIyalay,28.6499358,77.1287047
way/265165734,,28.6492722,77.1309824
way/265166886,Kendriya Vidyalaya,28.6461143,77.1091608
way/265166887,Cambridge Foundation School,28.6398423,77.1140614
way/265170520,,28.6482087,77.1327454
way/265180917,,28.6578784,77.1017283
way/265180919,,28.6567964,77.1044905
way/265203367,,28.6389457,77.0922716
way/265203369,Government Sarvodaya Bal Vidyalaya,28.6412284,77.089689
way/265203370,,28.6396588,77.0926774
way/265203374,Sarvodaya Bal Vidyalaya Number 2,28.6415392,77.0907686
way/265438780,,28.537439,77.2425479
way/265438784,,28.5356607,77.2408635
way/265438787,,28.5373343,77.2452469
way/265438792,,28.5318007,77.2460784
way/265738770,,28.5382209,77.2609397
way/265740534,Cambridge School,28.5650228,77.2517315
way/265804039,,28.6531083,77.1647219
way/265804043,,28.6540972,77.1654916
way/265804046,,28.6531197,77.1659489
way/265813745,Anglo Arabic Public School,28.6460991,77.2222072
way/265815213,Shafiq Memorial Sr Sec School,28.6586539,77.2055682
way/265815218,,28.6567309,77.2061097
way/265816722,,28.6598229,77.2122692
way/265816724,Raghubir Saran Public School,28.6588445,77.2064319
way/265899484,,28.6631075,77.1399085
way/265899486,,28.6618559,77.1396223
way/265899488,,28.6615682,77.1409933
way/265899489,Kendriya Vidyala (Boys),28.6613874,77.138751
way/265899490,Kendriya Vidyalaya (Girls),28.6609167,77.1379386
way/265899494,,28.6625155,77.1376662
way/265903496,,28.5734959,77.2262286
way/265903501,,28.5741958,77.2270215
way/265903502,,28.5743913,77.2272334
way/265903504,,28.5705117,77.2247601
way/265903507,,28.5741336,77.2267073
way/266075028,Good Samaritan School,28.546447,77.2955195
way/266768714,,28.6485149,77.2421164
way/266768716,,28.6417592,77.2426717
way/266768717,,28.6476557,77.2418107
way/266768718,,28.6442921,77.2435782
way/266768719,HMDAV Senior Secondary School,28.645403,77.2412138
way/266768720,Dr Shroff Charity Eye Hospital Training,28.6470271,77.2411531
way/266768721,,28.6470577,77.2420737
way/266768722,Anglo Sanskrit Victoria Jubilee Senior Secondary School,28.6477099,77.2410597
way/266768723,,28.6494777,77.2421433
way/266768724,बच्चों का घर,28.6462293,77.2411616
way/275868749,,28.5776603,77.1700347
way/275868751,,28.5787838,77.1696716
way/275872534,Manava Bharti India International School,28.5405611,77.2172541
way/276702359,,28.5792488,77.2634367
way/276704969,,28.6495682,77.108616
way/277905474,Govt School,28.6089818,77.3297113
way/277905479,Vidya Bal Bhavan Sr Secondary School,28.6085539,77.330156
way/278151801,Old Middle School Building,28.6774437,77.1537519
way/278151817,,28.6768225,77.1528385
way/278151818,,28.6764225,77.1537953
way/278577267,Saint Columba's School,28.6293072,77.2059977
way/279569846,Vishwa Bharati Public School,28.5926239,77.0695187
way/279569848,Gov't. Co-Ed. Sr. Sec. School,28.5913125,77.062843
way/279962764,Mount Carmel Junior Wing,28.561696,77.0599163
way/279962768,,28.5637417,77.0573309
way/279962769,,28.5612153,77.0591292
way/279962775,,28.5564563,77.0552436
way/283722678,,28.6038435,77.3332369
way/283749167,Bharti Public School,28.6060857,77.3324745
way/283761048,Govt School,28.6067139,77.3321416
way/283761049,Salwan Public School,28.6102872,77.3398498
way/283761746,Ryan International School,28.6139975,77.3363159
way/283761748,Saint Mary's Senior Secondary School,28.6106632,77.3379465
way/283762593,Kerela Education Society Senior Secondary School,28.615348,77.3406432
way/283762596,,28.611836,77.3384144
way/283762598,,28.6147292,77.3403625
way/283888132,Angels Public School,28.5973941,77.316785
way/283890525,Government School,28.5994013,77.3164062
way/283918834,Government Girls/Boys Secondary School,28.6004297,77.3196867
way/283919154,Sommerville School,28.6033186,77.3184964
way/283923752,Delhi Nagar Nigam Pre-Boys/Girls School,28.6018663,77.3153995
way/283923848,,28.6086384,77.3210617
way/284185489,Convent of Jesus and Mary,28.6290356,77.207324
way/284190150,Khrist Raja School,28.6293521,77.2090975
way/286690725,Mother Mary's School,28.5983242,77.2992935
way/287080571,,28.649727,77.301837
way/287500319,Babu Ram Sr Sec School,28.6671009,77.2902887
way/287500326,,28.666273,77.288798
way/287659126,Air Force Bal Bharati School,28.5896221,77.2268972
way/287870801,Blind School,28.5030487,77.2824615
way/287870803,,28.5031534,77.2835845
way/290515054,Rosary Public School,28.7144883,77.2021405
way/290643625,Venus Public School,28.7049342,77.2095515
way/290784896,,28.6321525,77.1158147
way/291265303,Modern School Barakhamba Road,28.6290318,77.2290649
way/291270754,Kendriya Vidyalaya,28.5609787,77.2330613
way/291271674,Frank Anthony Public School,28.5610391,77.2358433
way/291408838,,28.6760461,77.1937228
way/291715317,,28.6495432,77.1547068
way/292167792,,28.6963673,77.2264284
way/292171527,,28.6957378,77.2269093
way/292511170,,28.7066863,77.2025274
way/292824629,Sarvodaya Kanya Vidyalaya - Hauz Khas 1,28.5431318,77.2224675
way/293181415,,28.681359,77.180696
way/293325118,"Amity International School, Mayur Vihar",28.5977162,77.298513
way/293325159,Sports Field,28.5973736,77.2986538
way/293337650,ASN Senior Secondary School,28.5984219,77.2959
way/293523176,Chowgule Public School,28.6474711,77.1998727
way/293523179,Dr. B.R. Ambedkar School of Specialised Excellence,28.6455264,77.1984623
way/293523183,Science Centre Cum Central Workshop,28.6464442,77.1991613
way/293523187,Sarvodaya Bal School,28.6457129,77.1997539
way/293523873,Nutan Marathi HS School,28.6454337,77.20805
way/293526549,DAV School,28.6437273,77.2083234
way/293526550,Ramjas School,28.6445245,77.2085425
way/293532873,Guru Harkrishan Public School,28.6920355,77.2856922
way/293532874,Texla Public School,28.6915753,77.2846407
way/293541303,,28.6556348,77.1399545
way/294042652,,28.5768305,77.2612031
way/294119237,,28.5774593,77.2592145
way/294301235,"Delhi Public School, Mathura Road",28.597138,77.2424632
way/294301236,Government Co-ed High School,28.4474704,77.1452211
way/294303084,St. John Institute,28.7727366,77.097633
way/294317946,,28.6423449,77.1016545
way/294524899,Delhi Public School,28.5719972,77.1762291
way/294524903,,28.5717751,77.1778302
way/294547167,,28.6450251,77.216155
way/295816372,"Kendriya Vidyalaya, RK Puram, Sector-2",28.56249,77.1860721
way/297028433,HPR Public School,28.7544276,77.1328557
way/297550330,Bharat National Vidya Mandir,28.6572091,77.3081434
way/300047927,HPR School Ground,28.7551883,77.1337076
way/302531395,,28.6247662,77.2777117
way/302531609,Primary School,28.626333,77.2795692
way/302531610,Central Public School,28.6259322,77.278916
way/302531813,"GBSSS, No. 1",28.6339018,77.2844233
way/302532267,RSBV No. 2,28.634039,77.2851883
way/302534553,Universal Public School,28.6329994,77.2895172
way/302534579,Mother's Global School,28.6366573,77.2919897
way/302534790,"GBSSS, Geeta Colony, 13-Block",28.6474586,77.276622
way/324466682,Lycée Français de Delhi,28.6029592,77.2215172
way/331593130,New Green Fields School,28.5248488,77.2550094
way/341481077,Sardar Patel Vidyalaya,28.5970559,77.2265111
way/341481083,Junior School Ground,28.5980264,77.2266301
way/342554680,Mota Singh School,28.6250143,77.0788779
way/348138963,Municipal Corporation of Delhi Primary Coeducational School,28.5830508,77.1727741
way/348257032,Sarvodaya Vidyalaya Jor Bagh,28.588001,77.218862
way/349698644,East Point School,28.6022542,77.3234207
way/349820534,Delhi Public School Vasant Vihar,28.5640425,77.1606353
way/349824203,VSPK International School,28.7184277,77.1296749
way/349824471,Venkateshwara Global School,28.7179314,77.130443
way/350555007,Army Public School,28.5620807,77.1424899
way/350587517,Amar Bharti School,28.6130033,77.0512224
way/350587861,Ring Midways Public School,28.6108328,77.0516075
way/350842393,PP International School,28.6978931,77.1445478
way/351067625,Master Mind Public School,28.5088864,77.2023709
way/351085362,New Green Field School,28.5157872,77.2060145
way/351311841,,28.7149316,77.22596
way/351311860,Dawn Bonito Nursery,28.6332525,77.3034795
way/351318328,GD Goenka Public School Junior Wing,28.5303845,77.1546584
way/351409706,Vanasthali Public School,28.6403035,77.2992839
way/351859760,Kendriya Vidyalaya,28.5425515,77.198105
way/352199817,,28.6698219,77.3203094
way/352266630,ASN International School,28.6041379,77.2938394
way/379021083,Mahavir Senior Model School,28.6897795,77.1919215
way/388242027,Kendriya Vidyalaya,28.7040996,77.1028293
way/402859112,NCS Ground,28.5831929,77.1936271
way/408822673,Government Co-Ed Secondary School,28.5945691,77.0645736
way/414777305,Manav Sthali School,28.6329579,77.1837263
way/436894956,,28.6909401,77.1309708
way/447017217,Government Model Girls School,28.6216915,77.2970835
way/447185310,School of planning and architecure,28.6326109,77.2459805
way/457504304,,28.5385045,77.2079097
way/461566508,skv Tughlakabad village,28.5101796,77.2656855
way/461569370,govt secondary school,28.5127484,77.2660559
way/469618276,Kendriya Vidyalaya,28.704872,77.1704576
way/479651145,viaan international school ground,28.6358011,77.2942388
way/479651146,Viaan International School,28.6366475,77.293469
way/479830727,Kendriya Vidhyalaya JNU,28.5467422,77.1767781
way/479830732,Kendriya Vidhyalaya Jr. School,28.5445144,77.1638116
way/501786879,Jagriti School,28.6712815,77.165084
way/509131739,,28.66971,77.205599
way/510336782,Government Boys Senior Secondary School,28.5895731,77.3023335
way/531893759,The Air Force School,28.5850489,77.1543724
way/531947612,Army Public School,28.6018446,77.1243718
way/533150331,Deep Parmarth Vidyalaya,28.5859004,77.0825858
way/533150332,Sarvodaya Vidyalaya,28.5850304,77.083506
way/533150333,Goverment Boys Senior Secondary School,28.5844363,77.0845233
way/549632096,Government Co-Education Senior Secondary School,28.6941993,77.3213482
way/554625250,MCD Primary School,28.6193754,77.282866
way/558065101,Tagore International School,28.5692337,77.1617078
way/562195659,Mater Dei School,28.6164419,77.2369001
way/562195661,Guru Harkrishan Public School,28.6158292,77.2361109
way/583556645,Vidya Niketan Senior Secondary School,28.5208861,77.2032663
way/586013159,Mata Gujri Public School,28.5515057,77.2379183
way/615454699,Kendriya Vidyalaya,28.70391,77.1236897
way/632843081,South Delhi Muncipal Corporation Nigam Pratibha Vidyalaya,28.5153662,77.1986825
way/637912141,Doctor Bhim Rao Ambedkar School of Specialised Excellence,28.6811024,77.221657
way/662185763,Sarvodaya Bal Vidyalaya No. 2,28.5869971,77.0881702
way/662185786,,28.5887528,77.0818283
way/669585614,Happy Model School,28.6309411,77.0921253
way/675366990,The Indian School,28.5565721,77.228401
way/677593770,Radha Krishna Vidya Niketan,28.5208139,77.2266679
way/677799830,Ramjas School,28.6439763,77.1926384
way/677801449,Baba Nebraj Senior Secondary School,28.5752832,77.2439793
way/678662133,Saint John's Model School,28.6038483,77.298931
way/680690749,,28.6828086,77.2883726
way/683660426,EDMC Primary School Jyoti Colony,28.6897402,77.2914348
way/691049140,Kendriya Vidyalaya,28.6749119,77.285949
way/698863790,Kendriya Vidyalaya,28.5090292,77.3013476
way/706693029,South Delhi Municipal Corporation Primary Coeducational Model School,28.568397,77.2381363
way/707631341,Kendriya Vidyalaya Keshav Puram,28.6821958,77.1587669
way/719547319,Tagore International School,28.5587122,77.2420203
way/720714619,Ganga International School,28.707054,76.9822703
way/722727047,Sarvodaya Kanya Vidyalaya,28.5339621,77.2131314
way/729487050,Prince Public School,28.5234229,77.1745989
way/732907417,Bala Pritam Guru Harkishan International Public School,28.5660647,77.1640297
way/741157320,Vedic Public School,28.7679334,77.123963
way/773753780,Government Coeducational Senior Secondary School,28.6226908,77.2925113
way/773753781,Mayur Public School,28.6228028,77.2915684
way/777910838,Georgi Stoikov Rakovski Sarvodaya Kanya Vidyalaya,28.5695944,77.2281609
way/782308603,Icon International School,28.5957606,77.0680986
way/782378315,Government Co-Ed Secondary School,28.592838,77.0816299
way/782383623,Government Co-Ed Senior Secondary School,28.5994544,77.0690774
way/782397140,MDH International School,28.5923128,77.0608826
way/782404747,B.G.S. International Public School,28.5989804,77.0571076
way/782404748,Great Mission Public School,28.5995748,77.0576953
way/782588780,Kendriya Vidyalaya,28.5963245,77.0537011
way/783070191,Delhi Public School International,28.5282652,77.2245027
way/785020114,Delhi Municipal Corporation Model Boys/Girls School,28.6232385,77.292768
way/786587593,SAM International School,28.5904124,77.0392987
way/789655296,,28.5900115,77.0899182
way/818074718,SDMC Pratibha Vidyalaya (Kanya),28.5368341,77.2138353
way/818723424,SDMC Primary School,28.5242953,77.2307245
way/819046416,Saint Mary's School,28.5640084,77.1908567
way/819419206,The Study School,28.557268,77.243657
way/819425226,Birla Vidya Niketan,28.5266202,77.2301703
way/821862034,Siddharth International Public School,28.7000273,77.2938683
way/825370789,Guru Harkrishan Public School,28.648738,77.2994881
way/825393427,Saint Joseph's Academy,28.661345,77.3172102
way/831988816,Delhi International School,28.6996752,77.1093235
way/842726921,GLT Saraswati Bal Mandir Senior Secondary School,28.5688081,77.2528796
way/851802581,Rukmani Devi Public School,28.7041245,77.1382065
way/851802582,Aadhar Shila Public School,28.7034405,77.1372224
way/851803154,Bal Bharti Public School,28.7074103,77.1305897
way/852278359,Rishabh Public School,28.6042635,77.2912567
way/876138067,Sat Saheb Public School,28.6114521,77.0496528
way/877433333,Vagishwari School,28.6149069,77.0495661
way/913754164,St. Paul's School,28.5485981,77.1995739
way/948264867,,28.6577694,77.3086593
way/949757088,Sai Bhavan School,28.6522192,77.2676675
way/952454481,,28.60814,77.0427708
way/952454487,MRV School,28.6025079,77.0375764
way/956222947,Cambridge School Ground,28.6392793,77.1130498
way/956235451,laal kila school ground,28.6348232,77.1141173
way/963984931,,28.6417325,77.1838717
way/970832647,Kulachi Hansraj Model School (Primary Wing),28.6902383,77.1682023
way/970834702,Maharaja Agarsen Public School,28.6822235,77.1712121
way/971113905,Nigam Pratibha Coed School,28.6820804,77.1988385
way/979783602,D.A.V PUBLIC SCHOOL,28.6442963,77.2901399
way/983528878,Bal Mandir Sr. Sec. School,28.6416811,77.2924819
way/983528880,SNEH International School,28.6434774,77.2950915
way/998316508,Gargi Sarvodaya Kanya Vidyalaya,28.5603646,77.2014946
way/999345675,East Delhi Municipal Corporation Primary School,28.6198874,77.3139487
way/1000909099,,28.6205776,77.3129897
way/1015229029,Ahlcon Public School,28.6081188,77.2913418
way/1028285649,GD Goenka Public School,28.7200661,77.0602548
way/1075740885,N. K. Bagrodia Public School,28.7126148,77.1246963
way/1076561233,KMS Primary,28.6061481,76.9854878
way/1076561234,KMS Nursery,28.6064911,76.9852001
way/1076561235,KMS Secondary,28.6061195,76.9851721
way/1076800987,MCD primary Khaira,28.5991379,76.9678597
way/1076800989,Shri Krishna,28.5986432,76.9807487
way/1076800990,Rao Mohar,28.5984622,76.9817244
way/1076800991,Rao Maan,28.5979172,76.981635
way/1076800994,Nav Uday,28.600887,76.9761267
way/1076800995,Govt. Boys Khaira,28.600706,76.9755553
way/1076871973,Springdales School,28.5856594,77.165223
way/1083840655,The Baptist Convent Senior Secondary School,28.6302501,77.3041577
way/1085815543,,28.6031786,77.2947577
way/1085815544,Shaheed Captain Hanifuddin Sarvodaya Kanya/Bal Vidyalaya,28.6029171,77.2944036
way/1094967419,GGSSS School Playground,28.6364072,77.2711545
way/1096874054,"School Of Specialized Excellence, Delhi Government School",28.7227608,77.0809395
way/1133443453,,28.7246347,77.1720231
way/1133780556,Navjeevan Model School,28.7231287,77.1690013
way/1136686168,,28.7316913,77.1753852
way/1136686171,,28.7321918,77.1763852
way/1137301504,Supaksha early learning habitat,28.5295305,77.1490659
way/1137796415,,28.7289772,77.1707068
way/1143855202,,28.7265451,77.1665196
way/1143855214,,28.7267293,77.1678897
way/1143855218,,28.7257776,77.1686231
way/1149873753,,28.7303896,77.1668728
way/1151947494,St. Mary's Senior Secondary School,28.6660106,77.0794494
way/1153433167,,28.7278751,77.1753698
way/1157635596,,28.730904,77.1664713
way/1158946096,MCD Primary School,28.7424856,77.1671276
way/1162390793,,28.7190375,77.1715893
way/1162426987,,28.6933784,77.307242
way/1162736474,,28.7191741,77.1742689
way/1163528986,,28.7194542,77.1723626
way/1163528997,Jyoti Model Senior Secondary School,28.720168,77.1730493
way/1163845331,Diwan Chand Arya Senior Secondary School,28.5888356,77.2244413
way/1165055520,,28.5058378,77.2519272
way/1165055521,Hamdarad Public School,28.5044212,77.2505942
way/1165055525,Kendriya Vidyalaya,28.511313,77.2502214
way/1165065392,Apeejay School,28.536229,77.2191239
way/1167290897,Municipal Primary Coeducational School,28.7152139,77.1720917
way/1168448453,Madarasa Faiz-ul-Quran,28.7391188,77.1601057
way/1172006523,MCD Primary School,28.630477,77.2766738
way/1172313508,,28.5606441,77.0586575
way/1173264768,,28.7424521,77.133741
way/1173994498,Victor Public School,28.6902263,77.2781152
way/1174709235,,28.8292644,77.0948544
way/1175896957,Municipal Primary Coeducational School,28.7531045,77.1624352
way/1177222902,Arya Model School,28.7200213,77.1779252
way/1178553640,Shiv Shakti Public School,28.7425808,77.1630867
way/1179943438,Nav Jyoti Public School,28.7438371,77.1596361
way/1180109246,Gyan Sarovar School,28.7435566,77.1541007
way/1182049037,,28.7177719,77.1798697
way/1182654815,Devraji Narayan Public School,28.747396,77.1559218
way/1189514218,,28.7354154,77.1612323
way/1189852220,,28.7495902,77.1816567
way/1189852224,,28.7500805,77.1811371
way/1191217053,Rav Mehar Chand Saraswati Vidya Mandir,28.7540937,77.1720169
way/1192637679,,28.7506704,77.1677658
way/1193571517,Holy Trinity School,28.6353602,77.3058311
way/1195536863,Government Coeducational Senior Secondary School,28.6363791,77.2945605
way/1198008802,MCD Primary Coeducational School,28.7122101,77.1771383
way/1200970627,,28.5914763,77.2555962
way/1202955813,Sarvodaya Vidyalaya,28.5799657,77.2199574
way/1211751325,Silver Oak Public School,28.7523732,77.1516435
way/1215808818,Government Primary School,28.5623424,77.194203
way/1230503927,GD Goenka School,28.6473026,77.3063485
way/1231060699,VSPK International School (Juniors),28.7347022,77.1093825
way/1233494009,Delhi International Junior School,28.7353866,77.1109687
way/1239058520,Delhi International Public School,28.7113016,77.1235363
way/1239819924,Arwachin International School,28.6790189,77.3157781
way/1242250069,Raghubir Singh Junior Modern School,28.6039309,77.2280228
way/1251507782,Vivek Summit School,28.6425108,77.1741778
way/1254836891,,28.5901088,77.0929156
way/1255202259,,28.5362992,77.1611544
way/1256644347,Hillwoods Academy,28.6420032,77.2998303
way/1257176959,Cricket Ground,28.5074544,77.3303522
way/1257188607,Sarvodya Kanya Vidyalaya Rajokari,28.5182491,77.1088303
way/1257188608,Government Boys Senior Secondary School Rajokari,28.51823,77.1095436
way/1257188609,Rajkiya Pratibha Baal Vidyalaya,28.5173733,77.1092713
way/1258318727,k block school,28.7303871,77.1668682
way/1258323655,skv school ground,28.7268816,77.1677633
way/1263294317,Kamala Nehru Sarvodaya Kanya Vidyalaya,28.5828483,77.2420215
way/1263441837,Government Boy Senior Secondary School,28.5835482,77.2421054
way/1265520907,,28.6284416,77.2857105
way/1266549543,Shaheed Hemu Kalani Rajkiya Sarvoday Bal Vidyalay,28.5662645,77.2452856
way/1268148608,Taurus Army Pre-Primary School,28.5921094,77.1260755
way/1268148609,Sarvodaya Bal Vidyalaya,28.5923469,77.1254517
way/1268148610,Sarvodaya Kanya Vidyalaya,28.5925752,77.1248651
way/1270655648,MCD Primary School,28.5714132,77.2396381
way/1271204409,Sarvodaya Kanya Vidyalaya,28.6774994,77.2072692
way/1273976158,Kendriya Vidyalaya 1,28.5918853,77.1181976
way/1283259032,Kripa Centre For Differently Abled Children,28.5973355,77.1231972
way/1283259033,Sardar Vallabhbhai Patel Senior Secondary School,28.5975824,77.1225362
way/1283617038,Geeta Shiksha Kendra,28.5931894,77.1203618
way/1286481105,Silver Oak,28.5969837,77.1241205
way/1286500696,Rose Merry Convent School,28.6632453,77.2764177
way/1286500704,Geeta Bal Bharti Senior Secondary School,28.6640631,77.2744636
way/1287282319,AVB Public School,28.6269576,77.3052671
way/1287923418,Rajkiya Sarvodaya Kanya/Bal Vidyalaya,28.6209688,77.3060029
way/1288662714,MCD Pratibha Vikas Vidyalaya Palam New,28.5856766,77.0738499
way/1288672260,Shri Guru Nanak Khalsa Girls Senior Secondary School,28.5923249,77.1203476
way/1289149664,Delhi Area Primary School 2,28.5901439,77.1171161
way/1291713625,Shri Santan Dharam Coeducational Secondary School,28.5927445,77.1205738
way/1291724982,Rahman Public School,28.5476327,77.3031706
way/1291730896,Sarvodaya Kanya Vidayalya Noor Nagar,28.5567941,77.287949
way/1291731980,Smart Kids Public School,28.5559383,77.2956138
way/1291787161,Govt. Girls Senior Secondary School,28.6689103,77.3054117
way/1291813328,PM Shri Central School,28.6655773,77.3079938
way/1292111941,Jhori Mal International School,28.5954386,77.0685565
way/1292561972,Happy English School,28.6598443,77.2832557
way/1294939122,Veer Savarkar Sarvodaya Kanya Vidyalaya Number 1,28.5451375,77.2497973
way/1297687815,Adriel High,28.7252092,77.0889286
way/1297701239,De Indian Public School,28.7293915,77.0879509
way/1298506145,Government Sarvodaya Kanya Vidyalaya Number 1,28.5748016,77.19636
way/1298522497,GD Goenka,28.7190166,77.123614
way/1298724609,Bharat Sevak Samaj Public School,28.5766974,77.1948608
way/1298770077,New Delhi Municipal Corporation School,28.5772329,77.1948423
way/1301129446,MCD PRIMARY SCHOOL NO. 2,28.525083,77.2352698
way/1301241681,Ramjas Primary School,28.637818,77.2114912
way/1302884211,Lovely Vista School,28.6340711,77.2862925
way/1303267775,The Sovereign School,28.7244753,77.0930456
way/1304219725,Gittaratan Jindal School,28.7114895,77.1187941
way/1311579525,Rajkiya Sarvodaya Kanya/Bal Vidyalaya,28.6140149,77.2910015
way/1316349829,Assembly Ground,28.6014565,77.1239808
way/1316624674,Shankar Public School,28.6271036,77.2947587
way/1316624679,MCD Model School,28.6275894,77.295242
way/1317321243,Saint Martin’s Diocesan School,28.5959831,77.1460603
way/1317873577,MCD School,28.6127043,77.0472016
way/1321574340,"Kendriya Vidyalaya, Sector 25, Rohini",28.7355043,77.0924599
way/1321800535,Government Boys Middle School,28.6578951,77.203718
way/1326426659,Doctor Avul Pakir Jainulabdeen Abdul Kalam Senior Secondary School,28.5948314,77.1315579
way/1346666215,Sachdeva Public School,28.7244269,77.1279842
way/1349987784,MBD Arya Model School,28.6119474,77.0307499
way/1358118834,Green Fields School,28.5666109,77.1942205
way/1360318985,Fatehpur Muslim Senior Secondary School,28.6566802,77.22263
way/1360711040,Bharti Public School,28.6395209,77.2879483
way/1363969233,,28.5949666,77.043103
way/1368050784,,28.7427795,77.1025063
way/1376144459,Sarvodaya Kanya Vidyalaya,28.6576382,77.2350365
way/1376919080,Kendriya Vidyalaya Number 3 Delhi Cantt,28.6166109,77.1375832
way/1376972764,carmel community church,28.5062487,77.2468664
way/1381140006,Saint Xavier's Senior Secondary School,28.6716529,77.222546
way/1382098181,,28.630955,77.2950455
way/1382699650,Oxford Kids,28.5563583,77.2432313
way/1382699654,Daisy Dales School,28.5576403,77.2445938
way/1383012733,Dayanand Anglo-Vedic Secondary School,28.596886,77.1219579
way/1383300911,Glorious Public School,28.7147923,77.1196388
way/1383556738,Air Force Senior Secondary School,28.5771748,77.1211534
way/1384289139,Hari Vidya Bhawan,28.496128,77.2363978
way/1384672567,Sarvodaya Coeducational Vidyalaya Nizampur,28.7216001,76.9622136
way/1384702826,Global Pratibha International School,28.5731309,77.0737975
way/1386136251,Atal Adarsh Prathmik Vidyalaya,28.6385772,77.20553
way/1386140844,Navyug School,28.6361721,77.2039027
way/1386957469,Saint Thomas Girls Senior Secondary School,28.6397917,77.2032066
way/1387035990,Raisina Bengali School,28.6371797,77.2014005
way/1387043119,Atal Adarsh Bal Vidyalaya,28.636311,77.2003627
way/1387125259,Atal Adarsh Vidyalaya,28.642139,77.2027801
way/1389233572,Asha School,28.6103867,77.1382444
way/1390005706,Auxilium Higher Secondary School,28.5761506,77.1740875
way/1393440756,,28.5570669,77.2080404
way/1394088636,Shyama Prasad Vidyalaya,28.5967723,77.2256432
way/1394088638,DTEA Senior Secondary School,28.595082,77.2257153
way/1394088639,Vidya Bhawan Mahavidyalaya Senior Secondary School,28.595158,77.2265911
way/1394158702,Sanjeevan Public School,28.6043343,77.0854248
way/1394162114,Jindal Public School,28.6062198,77.0821832
way/1394899907,"Govt. Co-Edu Sr. Sec. School (Harewali, Delhi)",28.8354432,77.0168288
way/1394902980,"Municipal Primary Co-Edu School (Harewali, Delhi)",28.8319957,77.0069384
way/1395889660,Lady Irwin School - Primary Division,28.5726952,77.2359477
way/1395889661,South Delhi Public School,28.5783422,77.2368091
way/1396155483,Navyug Senior Secondary School,28.581381,77.2234228
way/1396155484,NP Co-ed Senior Secondary School,28.5814695,77.2242766
way/1396191122,SS Khalsa Senior Secondary School,28.5620877,77.2414339
way/1396776283,Delhi University Social Centre School,28.6872579,77.2046456
way/1409151442,,28.6383488,77.2835678
way/1409692387,Ambience Public School,28.5662211,77.1978151
way/1414940443,Navyug School,28.6335045,77.200947
way/1415872511,"Vaid Pandit Khusi Ram Sarvodaya Boys Sr. Sec. School (Nangal Thakran, Delhi)",28.8100843,77.0031245
way/1416718974,Sarvodaya Kanya Vidyalaya No 2,28.5561395,77.2457747
way/1418291174,Dr. Radhakrishnan International School,28.5718103,77.2323812
way/1418574187,Bal Bharti Public School,28.6399812,77.190404
way/1421151480,S.T. Giri School,28.5337395,77.2909681
way/1422443922,,28.6121137,77.2878157
way/1424773290,Government Boys Girls Senior Secondary School,28.5444437,77.2768472
way/1425219684,,28.5223183,77.1793321
way/1426171259,Birla Senior Secondary School,28.6792528,77.2021211
way/1426586696,MCD Primary Co-Educational School,28.5468778,77.214043
way/1427912943,Balvantray Mehta Vidya Bhawan,28.5350929,77.2357985
way/1428441364,Government Girls Senior Secondary School,28.5499596,77.2145302
way/1430223040,MCD Primary School,28.6025262,77.2940424
way/1432526157,Bharti Vidya Bhawan,28.6209176,77.2284346
way/1435010717,St John's School,28.537107,77.2354313
way/1443208778,Shaheed Rajpal DAV Public School,28.6470699,77.3047694
way/1446844467,Lady Irwin Senior Secondary School,28.6201595,77.2236649
way/1446846568,MCD Primary Co-Ed School,28.6626256,77.2066569
way/1460722714,,28.6475698,77.2086055
way/1472153415,"CM Shri School (Dariyapur Gaon, Delhi)",28.8079366,77.016633
way/1472370970,Sukho Khalsa Senior Secondary School,28.6340838,77.0966715
way/1472570675,Government Boys' Senior Secondary School,28.7070752,77.1775028
way/1473982444,Kerala School,28.6202321,77.2297337
way/1476720765,,28.7071629,77.1911638
way/1482443295,Nigam Pratibha Vidyalaya,28.6942295,77.2195509
way/1482443302,Nigam Utkrisht Co-ed School,28.7056024,77.2206188
way/1486445666,M.C.P.S. Acharya Niketan,28.6082739,77.294325
way/1486486122,Prathmik Sah Shiksha Pratibha Vidyalaya,28.609913,77.2940033
way/1486846861,Veer Savarkar School,28.7264721,77.2728767
way/1490066650,S.D. Public School,28.6483362,77.1418321
way/1490066651,The Adarsh School,28.6468352,77.1403256
way/1490915285,Viaan International School,28.6360189,77.2940034
way/1492508425,Lovely Public Sr. Sec. School,28.6410127,77.2782574
way/1498132158,Govt. Lady Noyce Senior Secondary School,28.6384252,77.2448902
way/1499990480,MCD School,28.6189686,77.2814033
way/1511463019,Guru Harkrishan Public School,28.562504,77.1973067
way/1513992932,Municipal Corporation of Delhi Primary School,28.6799391,77.2043826
way/1513993802,,28.696728,77.1375301
way/1524881652,Amity International School,28.528317,77.2276412
way/1524881659,M.C.D. Pratibha Coeducational Primary School,28.5280465,77.2291624
way/1526304692,Sarvodaya Kanya Vidyalaya,28.5648826,77.2279755
way/1531893998,Sarvodaya Bal Vidyala Radhaya Shyam Park,28.6455967,77.2836132
way/1540023468,Vinay Nagar Bengali Sr. Sec School,28.572678,77.1969116
way/1544004322,,28.4289323,77.2244784
way/1544004323,,28.4276026,77.223641
way/1544800206,Lions Public School Main Building,28.6867656,77.165633
way/1545686207,Arunodaya Public School,28.6454177,77.2993872
way/1549022938,,28.6251002,77.0917529
way/1557662295,MC Primary Co-Ed School,28.7119938,77.1861923
way/1562261763,Government Boys Senior Secondary School No. - 1,28.7113909,77.1855563
relation/2704295,Holy Cross School,28.6148333,76.9809125
relation/2705594,Don Bosco Centre,28.6153797,76.9811381
relation/5269486,St. Lawrence School,28.6530675,77.2694608
relation/8800378,Sarvodaya Bal Senior Secondary Vidyalaya,28.5275922,77.1867383
relation/17911321,Guru Harkrishan Public School,28.5405669,77.2517768
relation/18530696,New Arya Public School,28.6125837,77.0305402
relation/19100559,Amrita Public School,28.4953977,77.2376956
relation/19171271,Air Force Golden Jubilee Institute,28.5804937,77.1481101
relation/19443500,G.D. Goenka Public School,28.5372035,77.2964173
relation/19873255,Evergreen Public School,28.60136,77.3156859
